date,ticker,text
2025-10-02,3690.HK,"Win Streak May Continue For Hong Kong Shares

Hong Kong stocks shoot up on China home sales , tech enthusiasm

Win Streak May Continue For Hong Kong Shares

Win Streak May Continue For Hong Kong Shares"
2025-10-06,3690.HK,"Fidelity Emerging Markets Trust Final Results 2025 - Outperforms Index For Three Years

China Market Update : Poolside Gossip As Mainland Remains Closed Until Wednesday"
2025-10-07,3690.HK,China Market Update : Poolside Gossip As Mainland Remains Closed Until Wednesday
2025-10-08,3690.HK,"Hong Kong stocks fall as AI bubble fears grow amid Wall Street retreat

Losing Streak My Continue For Hong Kong Stock Market

How competitive rowing prepared Malina Ngai to lead the world largest health retail chain"
2025-10-09,3690.HK,"Tencent - And Meituan - Backed Chinese Obesity Drug Maker Sciwind Eyes Hong Kong IPO

Hong Kong stocks fall on disappointing  golden week  retail sales in China"
2025-10-10,0005.HK,"港股私有化进行时 股价应声而起

恒生银行迎私有化 每股现金对价155港元 _ 东方财富网

汇丰千亿港元  豪赌 ， 恒生银行53年上市迎来终章|恒生电子|汇丰控股|汇丰集团|永亨银行

一周银行速览 （ 10 . 6 10 . 10 ）_ 银行 _ 金融频道首页 _ 财经网 - CAIJING . COM . CN

Overseas Regulatory Announcement - Grant of Awards | Company Announcement

小摩 ： 汇丰控股 ( 00005 ) 拟私有化恒生银行 ( 00011 ) 将削70亿美元回购 评级  增持 _ 股市直播 _ 市场 _ 中金在线

上市53年老牌银行步入退市倒计时 ！ 汇丰拟斥超1000亿现金私有化 ， 香港金管局回应引关注

汇丰拟斥资逾千亿港元私有化恒生银行

大行评级丨花旗 ： 汇丰控股私有化恒生银行是战略优先考量 维持  买入  评级 _ 市场分析 _ 港股 _ 中金在线

大行评级丨花旗 ： 汇丰控股私有化恒生银行是战略优先考量 维持  买入  评级 _ 股市直播 _ 市场 _ 中金在线

汇丰宣布 ！ 拟溢价三成私有化恒生银行 - 银行频道 - 和讯网

【 滙豐吞恒生 】 陸庭龍 : 私有後未必會立即Call Loan

汇丰拟私有化恒生银行 ， 每股对价155港元 _ 银行 _ 金融频道首页 _ 财经网 - CAIJING . COM . CN

拟动用千亿港元私有化恒生银行 ， 汇丰意欲何为 ？ _ 东方财富网

香港10月10日報章社評摘要 | 社會

香港10月10日報章社評摘要 | 頭條

香港早間新聞速覽 （ 10月10日 ） | 頭條

﻿社评 / 私有化恒生银行彰显对香港长远信心 _ 大公网

股价暴涨25 %！ 汇丰豪掷千亿港元拟私有化恒生银行 _ 东方财富网

大行评级丨瑞银 ： 予恒生银行  沽售  评级 ， 若私有化顺利进行股价有上行空间 _ 市场分析 _ 港股 _ 中金在线

汇丰将溢价私有化恒生 后者上半年净利同比减30 %

通說 ： 恒生指數再無恒生  | 頭條 - 香港中通社"
2025-10-10,3690.HK,"Continued Consolidation Called For Hong Kong Shares

Continued Consolidation Called For Hong Kong Shares"
2025-10-11,0005.HK,"震撼 ！ 92年老牌銀行驚傳下市 專家點名 「 這家 」 恐下一個消失 - 財經

恒生私有化丨艾橋智 : 對香港經濟前景抱堅定信心

恒生私有化丨艾橋智 : 對香港經濟前景抱堅定信心

港股10日跌1 . 73 % 收报26290 . 32点 - 焦作网WWW . JZRB . COM

﻿城中熱話 / 恒生私有化作價 傳滙控三度上調"
2025-10-12,0005.HK,"港銀美元存款多過港紙內有玄機 ？

How much do you need in an ISA to target a £777 monthly passive income ?

World economy faces triple risk of tariffs , AI bubble and soaring debt

Why BYD faces a raft of troubles

港股私有化引爆市場關注 股價應聲而起 - 財經

恒生私有化作價 傳滙控三度上調 – 华侨网"
2025-10-12,3690.HK,Cathie Wood Bought Alibaba Stock -- What It Means for Investors
2025-10-13,0005.HK,"汇丰鲸吞恒生银行 ， 香港银行业变天 - DoNews专栏

【 Fintech 周报 】 三季度金融机构被罚没超10亿 ； 汇丰控股拟私有化恒生银行 ； 助贷新规落地 - 钛媒体官方网站

中金 ： 汇丰控股 ( 00005 ) 私有化恒生银行 ( 00011 ) 分红+回购回报率下滑 或短期拖累股价 _ 市场分析 _ 港股 _ 中金在线"
2025-10-13,3690.HK,"Sanya , China :  Airline+Marketing  Strategy Boosts Its Growth into a World - Class Tourist Destination

IT News Online - Sanya , China :  Airline+Marketing  Strategy Boosts Its Growth into a World - Class Tourist Destination

Sanya , China :  Airline+Marketing  Strategy Boosts Its Growth into a World - Class Tourist Destination

Hong Kong Shares Tipped To Open Under Pressure On Monday

Hong Kong Shares Tipped To Open Under Pressure On Monday"
2025-10-14,0005.HK,"One Point Sydney Electricians Celebrates Two Decades

MyCroatianCharter Doubles Down on Croatia Yacht Expertise

Greater Boston Criminal Defense Attorney Explains

Transaction in Own Shares | Company Announcement

汇丰的千亿资本棋局 ： 私有化恒生用意何在 ？- 钛媒体官方网站

大行评级丨摩根大通 ： 预期汇丰控股私有化恒生将对盈利有正面作用 维持  增持  评级 _ 市场分析 _ 港股 _ 中金在线

超198亿港元南向资金大举抄底 近百亿港元买入两只港股基金

港股13日跌1 . 52 % 收报25889 . 48点 - 焦作网WWW . JZRB . COM"
2025-10-14,2800.HK,Product roundup : Two insurers launch new seg funds | Investment Executive
2025-10-14,3690.HK,The Markets Are Walking a Tightrope . How Can Investors Find Their Footing ?
2025-10-15,0005.HK,"港股14日跌1 . 73 % 收报25441 . 35点 - 焦作网WWW . JZRB . COM

港股公告精选｜山东黄金预期前三季度净利润同比增加83 . 9 % 到98 . 5 %； 华润置地前9月销售额超1500亿元 ； 中国建材预计前三季度同比扭亏 _ 东方财富网"
2025-10-15,3690.HK,"Hong Kong Shares May Stop The Bleeding On Wednesday

Sanya attracts new airline routes"
2025-10-16,0005.HK,"UBS Tightens Wealth Screening in Asia Amid Regulatory Pressure

UBS ramps up scrutiny of Asia clients after Singapore scandal

Overseas Regulatory Announcement - Board Meeting | Company Announcement"
2025-10-16,3690.HK,"Qiming Venture Partner Portfolio Company Yunji Technology Successfully Lists on the Hong Kong Stock Exchange

Qiming Venture Partner Portfolio Company Yunji Technology Successfully Lists on the Hong Kong Stock Exchange

Qiming Venture Partner Portfolio Company Yunji Technology Successfully Lists on the Hong Kong Stock Exchange

Qiming Venture Partner Portfolio Company Yunji Technology Successfully Lists on the Hong Kong Stock Exchange

Hong Kong Shares Tipped To Open In The Green"
2025-10-17,0005.HK,"香港传真 | 恒生私有化背后的香港地产债

Transaction in Own Shares | Company Announcement

[ HK ] 裕丰昌控股 ( 08631 ): 公告延迟寄发要约文件内容有关华富建业证券有限公司为及代表全堡集团有限公司提出收购裕丰昌控股有限公司所有已发行股份 （ 除要约人 、 罗先生及与彼等任何一方一致行动人士已拥有或同 .- CFi . CN 中财网

港股16日跌0 . 09 % 收报25888 . 51点 - 焦作网WWW . JZRB . COM"
2025-10-17,3690.HK,Continued Consolidation Called For Hang Seng
2025-10-19,3690.HK,"Saudi vision , Hong Kong talent : a blueprint for the digital century"
2025-10-20,0005.HK,"美国政府关门 金价飙升与美股连涨 : 风险与机会并存

科技股揚 恒指彈611點 北水轉沽

港股20日涨2 . 42 % 收报25858 . 83点 - 新华网

大行评级丨小摩 ： 维持汇控及渣打  增持  评级 在六个月投资展望上更偏好渣打 _ 市场分析 _ 港股 _ 中金在线"
2025-10-20,2800.HK,Product roundup : Two insurers launch new seg funds | Investment Executive
2025-10-20,3690.HK,Hong Kong Bourse May Find Traction On Monday
2025-10-21,0005.HK,"FTSE 100 Live : London stocks held back as gold prices tumble , public borrowing hits 5yr high

David Lindberg to lead HSBC united kingdom as bank sharpens customer focus

FTSE 100 Live : London blue - chips make modest gains as united kingdom borrowing hits 5yr high

FTSE 100 Live : London blue - chips open higher , as united kingdom borrowing hits at 5yr high

Former NatWest executive David Lindberg appointed HSBC united kingdom CEO"
2025-10-21,3690.HK,"Hong Kong Shares Expected To Open In The Green

Hong Kong Shares Expected To Open In The Green"
2025-10-22,0005.HK,"Global Economic Freedom in Retreat : A Four - Year Decline Signals Looming Market Shifts

港股21日涨0 . 65 % 收报26027 . 55点 - 焦作网WWW . JZRB . COM"
2025-10-22,3690.HK,"Futures Flat As Gold Selloff Extends

Rally May Stall For Hong Kong Stock Market

Rally May Stall For Hong Kong Stock Market"
2025-10-23,0005.HK,"港股23日漲0 . 72 % 收報25967 . 98點

港股22日跌0 . 94 % 收报25781 . 77点 - 焦作网WWW . JZRB . COM"
2025-10-23,3690.HK,"Lower Open Predicted For Hong Kong Stock Market

Lower Open Predicted For Hong Kong Stock Market"
2025-10-24,0005.HK,"Maynilad IPO Offer Shares Increase Following Full Exercise Of Upsize Option

Hin Leong oil tycoon OK Lim appeals against conviction in US$111 . 7 million case

中国平安注销1亿股 ， 战略正在发生变化"
2025-10-24,3690.HK,"Hong Kong Shares Tipped To Open In The Green

Hong Kong stocks climb on China vow to step up tech self - reliance , boost domestic market"
2025-10-27,0005.HK,"鼎益丰  案最新消息 ！ 香港证监会再出手 ： 禁止12人转移在港资产 _ 凤凰网

FTSE 100 Live : London index flat after hitting new record , US futures and crypto see more action

HSBC to set aside US$1 . 1 billion for potential payouts in Madoff fraud lawsuits

HSBC to take $1 . 1 billion hit following Luxembourg court ruling in Madoff case

《 國際金融 》 馬多夫案陰影未散 匯豐控股部分敗訴恐損11億美元 - 財經

HSBC to take US$1 . 1bil hit after Luxembourg court ruling in Madoff case

HSBC to take $1 . 1 billion hit after Luxembourg court ruling in Madoff case

HSBC to set aside US$1 . 1 billion for potential Madoff fraud payouts

HSBC to set aside US$1 . 1 billion for potential payouts in Madoff fraud lawsuits"
2025-10-27,3690.HK,"Hong Kong Shares Poised To Open To The Upside

Hong Kong Shares Poised To Open To The Upside"
2025-10-28,0005.HK,"FTSE 100 Flat ; HSBC Holdings , Airtel Africa Rise After Results

FTSE 100 Flat ; HSBC Holdings , Airtel Africa Rise After Results

HSBC 3rd - quarter profit dips amid falling interest rates , property slump , Madoff suit

HSBC books 15 % profit drop , deeper Hong Kong real estate losses

HSBC to Take $1 . 1B Hit After Luxembourg Court Ruling in Madoff Case

鼎益丰案最新消息 ！ 12人遭冻结8240万港元

HSBC is bullish on 2025 despite hit from Madoff provision

HSBC third - quarter profit slides on Madoff charges , but lifts income outlook

HSBC profit slides amid falling interest rates , weak commercial property market

HSBC Quarterly Profit Falls on $1 . 1 Billion Hit From Madoff Lawsuit

Hong Kong stock rally pauses after 3 - week high as Xi - Trump meeting looms

早报 | 贸易缓和推动美股三大指数续破新高 ， 苹果市值剑指4万亿美元 ； 高通暴涨11 %， 推出AI芯片与英伟达竞争 ； 恒瑞医药营收利润双增 ， 汇丰控股 、 联合健康将公布业绩 _ 东方财富网

港股公告精选｜恒瑞医药前三季盈利增超两成 ； 中煤能源年内净赚逾120亿元 _ 东方财富网

HSBC takes US$1bil hit on Madoff fraud litigation

财经早餐 ： 央行将恢复公开市场国债买卖 ； 证监会将启动实施深化创业板改革"
2025-10-29,0005.HK,"HSBC Holdings plc ( NYSE : HSBC ) Q3 2025 Earnings Call Transcript

中信建投 ： 维持汇丰控股 ( 00005 ) 买入评级 目标价120港元 _ 市场分析 _ 港股 _ 中金在线

四新股一起敲鑼齊賺錢 - 香港商報

大行评级丨瑞银 ： 汇丰控股第三季度税前利润超预期 评级  中性 _ 市场分析 _ 港股 _ 中金在线"
2025-10-30,0005.HK,"市场押注本周五大科技公司财报 期权对冲交易风险

Standard Chartered Posts Higher Quarterly Profit"
2025-10-30,3690.HK,"China Digest : Ardian opens HK office ; Lightspeed China rebrands to Luminous Ventures

Chinese delivery giant Meituan eyes US$3 billion from bond issue amid intense competition

Hong Kong stocks climb to 3 - week high on Xi - Trump deal hopes , Fed easing"
2025-10-31,0005.HK,"港股31日跌1 . 43 % 收报25906 . 65点 - 新华网

港股30日跌0 . 24 % 收报26282 . 69点 - 焦作网WWW . JZRB . COM

汇丰控股业绩双降背后 ： 麦道夫案  余震  压垮利润 重资私有化恒生银行 _ 凤凰网"
2025-11-01,0005.HK,"Wall Street stocks rebound on Amazon , Apple earnings"
2025-11-03,0005.HK,[ HK ] 裕丰昌控股 ( 08631 ): 截至二零二五年十月三十一日止之股份发行人的证券变动月报表 - CFi . CN 中财网
2025-11-03,3690.HK,"Hong Kong Shares Due For Support On Monday

The human cost of Xiaomi rapid pivot from smartphones to EVs"
2025-11-04,0005.HK,滙控 ： 亞洲買亞洲成貿易新格局
2025-11-04,3690.HK,"The human cost of Xiaomi rapid pivot from smartphones to EVs

China Market Update : Yum China Earnings Results Were Finger Licking Good !"
2025-11-05,0005.HK,"Overseas Regulatory Announcement - Grant of Awards | Company Announcement

公募基金三季报披露完毕 科技成长主导基金市场 - 新华网

[ HK ] 永联丰控股 : 截至二零二五年十月三十一日止之股份发行人的证券变动月报表 - CFi . CN 中财网"
2025-11-05,3690.HK,"China Market Update : US & China Lower Tariffs As US Agriculture Delegation Visits China

Hong Kong stocks tumble as AI bubble fears hit Wall Street"
2025-11-06,0005.HK,"恒指重返二萬六 全年日均成交料2590億

港股5日跌0 . 07 % 收报25935 . 41点 - 焦作网WWW . JZRB . COM"
2025-11-06,3690.HK,"Chinese Chip Stocks Surge as Beijing Moves to Ban Foreign AI Chips in State Projects

Hong Kong Bourse May Halt Its Slide On Thursday

Hong Kong Bourse May Halt Its Slide On Thursday"
2025-11-07,0005.HK,港股6日涨2 . 12 % 收报26485 . 9点 - 焦作网WWW . JZRB . COM
2025-11-08,0005.HK,"Y Intercept Hong Kong Ltd Purchases New Shares in Everspin Tech $MRAM

JinkoSolar ( NYSE : JKS ) Trading 11 . 2 % Higher – Here Why"
2025-11-09,0005.HK,"HSBC holds discussion on cotton ecosystem to boost BD apparel value chain

HSBC managers sent for leadership lessons as boss makes his mark

多位知名基金经理三季度提高港股仓位 _ 东方财富网

加仓港股 ！ 基金经理 ， 真金白银  投票 ！

多位知名基金经理三季度提高港股仓位

多位知名基金经理三季度提高港股仓位

多位知名基金经理三季度提高港股仓位

加仓港股 ！ 基金经理真金白银  投票 ！ _ 东方财富网

加仓港股 ， 基金经理 ， 真金白银  投票 _ 凤凰网

加仓港股 ！ 基金经理 ， 真金白银  投票 ！_ 新浪财经 _ 新浪网"
2025-11-10,0005.HK,下一座護國神山要醒了 ？ 謝金河點名 「 這族群 」 關鍵鬆綁 ， 補漲力道不輸台積電 | 下班經濟學 | 財經
2025-11-10,3690.HK,Hong Kong extends digital bond ambitions with 3rd offering
2025-11-11,0005.HK,"借鸡生蛋  玩崩 ！ 一家由上市公司背书的平台 ， 卷入10亿风暴|股权|持股|青云

【 兩連升 】 恒指再升47點 電商股被質低

Hong Kong stocks near 1 - month high as US shutdown nears resolution"
2025-11-11,3690.HK,Higher Open Predicted For Hong Kong Stock Market
2025-11-12,0005.HK,"Manulife CEO unveils new expansion strategy for Canada and abroad

港股投資風享─南向資金連續買進支撐恒生指數溫和走揚 周線收漲1 . 29 %

港股11日涨0 . 18 % 收报26696 . 41点 - 焦作网WWW . JZRB . COM

Hong Kong stocks climb to 1 - month high as US shutdown nears end and Fed rate cut looms

今年以来南向资金累计净流入已超1 . 3万亿港元 _ 东方财富网"
2025-11-12,3690.HK,Hong Kong Keeta to end unfair commission practices after watchdog probe
2025-11-13,0005.HK,港股12日涨0 . 85 % 收报26922 . 73点 - 焦作网WWW . JZRB . COM
2025-11-13,3690.HK,"Dingdong ( Cayman ) Limited ( NYSE : DDL ) Q3 2025 Earnings Call Transcript

JD . com Profit Slumps as Heavy Food - Delivery Spending Bites -- Update

Tencent posts 15 % revenue jump , sustaining growth without splashy AI bets

Hang Seng May Breach 27 , 000 - Point Level"
2025-11-14,0005.HK,"恒指下挫500點 科指降近3 % 中芯跌2 . 3 % | 記憶體

【 要睇成交 】 恒指仍有望維持平穩向上格局

MUFG , HSBC bet big on GIFT City in warning to Asia hubs

港股收评 ： 指数集体下挫 ！ 科技 、 金融股拖累市场 ， 生物医药逆势飘红 _ 市场分析 _ 港股 _ 中金在线"
2025-11-14,3690.HK,"Shares of JD Dropped as Profit Dragged by New Businesses

Hong Kong Shares Tipped To Open In The Red On Friday"
2025-11-15,0005.HK,"Bilibili ( NASDAQ : BILI ) Sees Unusually - High Trading Volume – What Next ?

Former Chancellor George Osborne shock contender for role of HSBC chairman

HSBC ( HSBC ) Launches $1 . 5B Innovation Banking Program in Singapore

China Property Loans of $1 Billion Risk Default in Latest Scare"
2025-11-16,0005.HK,香港僑福地產300億貸款協商添變數 彭博 ： 台板信銀行融資評估中 | ETtoday財經雲
2025-11-16,3690.HK,Editor take : The week that was Nov 10 - 15
2025-11-17,0005.HK,"SenseTime launches Hong Kong IPO to raise up to $767 million : Tech News

The Next Generation of Wealth Is Being Reimagined"
2025-11-17,3690.HK,"Hong Kong stocks fall as US data delay , Fed policy uncertainty hit sentiment

Hong Kong Bourse Tipped To Open In The Red

Hong Kong Bourse Tipped To Open In The Red

Hong Kong Bourse Tipped To Open In The Red"
2025-11-18,0005.HK,"港股17日跌0 . 71 % 收报26384 . 28点 - 焦作网WWW . JZRB . COM

Hong Kong property concerns deepen among bankers and regulators"
2025-11-18,3690.HK,"Hong Kong stocks extend decline amid Wall Street AI valuation concerns , Fed rate outlook

No Help Yet For Hong Kong Stock Market"
2025-11-19,0005.HK,"Hiring outlook improves for Hong Kong financial sector , recruiters say

港股18日跌1 . 72 % 收报25930 . 03点 - 焦作网WWW . JZRB . COM"
2025-11-19,3690.HK,Hong Kong Shares Expected To Open In The Red
2025-11-20,0005.HK,港股19日跌0 . 38 % 收报25830 . 65点 - 焦作网WWW . JZRB . COM
2025-11-20,3690.HK,"Hong Kong Shares Overdue For Support On Thursday

MACAU DAILY TIMES 澳門每日時報Alibaba blocked from Hong Kong stock link to China"
2025-11-21,0005.HK,"[ HK ] 华润置地 ( 01109 ): 刊发定价补充文件 - 华润置地有限公司根据3 , 900 , 000 , 000美元中期票据计划发行於二零二八年到期的300 , 000 , 000美元4 . 125 % 票据及於二零三零年到期的人 .- CFi . CN 中财网"
2025-11-21,3690.HK,Hong Kong Shares Tipped To Open In The Red On Friday
2025-11-22,0005.HK,"CenterBook Partners LP Has $5 . 26 Million Stock Position in Wabash National Corporation $WNC

全产业链织就新丝路 ！ 四川仪陇丝绸企业登上全国茧丝绸大会发言席"
2025-11-23,3690.HK,Editorial | Keeta fair play pledge will in the end benefit Hong Kong consumers
2025-11-24,3690.HK,"Low - altitude logistics takes off in China - People Daily Online

Hong Kong Shares Tipped To Open In The Green

YEAHKA Announces Q3 2025 Performance : Overseas Business GPV Increased 50 % Quarter - on - Quarter

Hong Kong stocks rebound as investors gear up for Alibaba earnings , US data

US tech stocks fall 3 % sparking Asian market selloff | Market Navigator"
2025-11-25,0005.HK,"HSBC tokenised deposit move set to transform banking for UAE clients by 2026

港股回购潮持续 ， 今年247家上市公司回购超1500亿 _ 东方财富网

港股24日涨1 . 97 % 收报25716 . 5点 - 焦作网WWW . JZRB . COM

恒生指数调整引发数十亿资金流动 新经济市值占比再度抬升 _ 东方财富网"
2025-11-25,3690.HK,"Alibaba posts stronger revenue amid AI , quick delivery push

Hang Seng Tipped To Open To The Upside On Tuesday"
2025-11-26,0005.HK,"揭秘A股最硬核董事长  母亲  |陈爱莲|万丰奥威|万丰 _ 新浪科技 _ 新浪网

揭秘A股最硬核董事长  母亲  _ 个股资讯 _ 市场 _ 中金在线

港股25日涨0 . 69 % 收报25894 . 55点 - 焦作网WWW . JZRB . COM

揭秘A股最硬核董事长  母亲  |汽车|a股|陈爱莲|万丰奥威

年内港股公司合计回购金额逾1500亿港元 _ 央广网

年内港股公司合计回购金额逾1500亿港元 -- 经济 · 科技 -- 人民网

年内港股公司合计回购金额逾1500亿港元 _ 东方财富网

SMGP eyes P17 . 7 - B offshore debt issuance - BusinessWorld Online"
2025-11-26,3690.HK,"Hong Kong stocks head for longest rising streak in 2 weeks

Hang Seng May Break Resistance At 26 , 000 Points

AGTech Announces Interim Results For The Six Months Ended September 30 , 2025

Hang Seng May Break Resistance At 26 , 000 Points"
2025-11-27,0005.HK,"港股27日涨0 . 07 % 收报25945 . 93点 - 新华网

[ HK ] 汇丰控股 ( 00005 ): 执行人员根据收购守则给予相关同意 - CFi . CN 中财网"
2025-11-27,9988.HK,"Rep . Lisa C . McClain Buys NVIDIA Corporation ( NASDAQ : NVDA ) Shares

Hong Kong fire : Death toll rises as rescuers use torches to comb burnt - out Tai Po towers

Hong Kong police arrest construction firm bosses over fire ; death toll hits 83 with scores missing

Hong Kong police arrest construction firm bosses over fire ; death toll hits 75 with 300 missing

HK construction firm bosses held as fire toll hits 83

HK construction firm bosses held as fire toll hits 83

HK construction firm bosses held as fire toll hits 83

HK construction firm bosses held as fire toll hits 83

HK construction firm bosses held as fire toll hits 75

Rep . Lisa C . McClain Purchases Shares of FMC Corporation ( NYSE : FMC )

Jutarnji list - Broj poginulih u katastrofalnom požaru u Hong Kongu narastao na 75 osoba

65 killed , 300 still missing after deadliest fire in Hong Kong in seven decades ; three arrested All you need to know

Hundreds still missing in deadly Hong Kong fire , police cite  grossly negligent  firm

עלה ל - 55 מניין ההרוגים בשריפה בהונג קונג , יותר מ - 300 נעדרים

홍콩서 77년만에 최악 화재 참사 … 55명 사망 · 수백명 실종 ( 종합 )

Chinese AI : Tech companies training models overseas to bypass US chip restrictions

Reeves plots a dozen tax rises in attempt to repair Britain finances

Can China Continue on Its  Smart Authoritarian  Path ?"
2025-11-28,0005.HK,"一周银行速览 （ 11 . 21 11 . 28 ）_ 银行 _ 金融频道首页 _ 财经网 - CAIJING . COM . CN

Total Voting Rights | Company Announcement

Is George Osborne the best person HSBC can find to chair the bank ?

Govt eyes extending tax holiday for aircraft leasing firms in Gujarat Gift City

港股27日涨0 . 07 % 收报25945 . 93点 - 焦作网WWW . JZRB . COM

Wilsons Advisory says target these 9 international stocks"
2025-11-28,3690.HK,Hong Kong stocks end 4 - day streak as investors move on from rate - cut expectations
2025-11-28,9988.HK,"Rep . Lisa C . McClain Sells Hasbro , Inc . ( NASDAQ : HAS ) Stock

Can China tech stocks still stage a rally despite Pentagon scrutiny ?

How To Resolve The Housing Logjam

Futures Pointing To Modestly Higher Open As Trading Resumes

Hong Kong residents scramble to deliver aid , support after deadly fire

HK fire toll rises to 128 , rescuers make final search

HK fire toll rises to 128 , rescuers make final search

Hong Kong police arrest bosses of building firm over devastating fire

Hong Kong residents scramble to deliver aid , support after deadly fire

HDFC Bank ( NYSE : HDB ) Shares Acquired Rep . Lisa C . McClain

Towers blaze : Search phase to end as death toll climbs

Hong Kong nears end of search and rescue mission as tower fire toll rises to 94

Pentagon : Alibaba Shares US Data With Chinese Military

Toll rises to 94 at HK towers as search continues

World News : Construction firm bosses held as blaze toll hits 83

Hong Kong police arrest construction firm bosses over fire ; death toll hits 83 with scores missing

Hong Kong police arrest construction firm bosses over fire ; death toll hits 83 with scores missing

Rep . Lisa C . McClain Sells Off Shares of Novo Nordisk A / S ( NYSE : NVO )

Editorial | Community effort needed to help the survivors and those who lost loved ones in the Tai Po tragedy

Hong Kong nears end of search and rescue mission as tower fire toll rises to 94

World News : Construction firm bosses held as blaze toll hits 83"
2025-11-29,0005.HK,Govt eyes extending tax holiday for aircraft leasing firms in Gujarat Gift City
2025-11-29,3690.HK,"Delivery Hero Investors Said to Push for Sale , Divestments"
2025-11-29,9988.HK,"Rep . Lisa C . McClain Sells Core & Main , Inc . ( NYSE : CNM ) Stock

Shein Milliardär : Wie Shein - Gründer Xu die Welt eroberte

일본 안 가 … 예약 50 % 급증  겨울에 뜨는  이 나라 - 국민일보

Meituan posts first loss in three years – warns more to come

Rep . Lisa C . McClain Unloads Shares of NVIDIA Corporation ( NASDAQ : NVDA )

Rep . Lisa C . McClain Sells NVIDIA Corporation ( NASDAQ : NVDA ) Shares"
2025-11-30,0005.HK,"卓创资讯 、 车联天下 、 龙丰集团递表港交所 ； 轻松健康通过港交所聆讯丨港交所早参

卓创资讯 、 车联天下 、 龙丰集团递表港交所 ； 轻松健康通过港交所聆讯丨港交所早参

港股IPO周报 ： 沪电股份等多只A股递表 ， 希迪智驾通过上市聆讯 _ 东方财富网"
2025-11-30,3690.HK,"Qiming Venture Partners Donates HK$3 Million to Tai Po Wang Fuk Court Aid Fund for Post - Fire Recovery

Qiming Venture Partners Donates HK$3 Million to Tai Po Wang Fuk Court Aid Fund for Post - Fire Recovery

Qiming Venture Partners Donates HK$3 Million to Tai Po Wang Fuk Court Aid Fund for Post - Fire Recovery

Qiming Venture Partners Donates HK$3 Million to Tai Po Wang Fuk Court Aid Fund for Post - Fire Recovery

Qiming Venture Partners Donates HK$3 Million to Tai Po Wang Fuk Court Aid Fund for Post - Fire Recovery

Qiming Venture Partners Donates HK$3 Million to Tai Po Wang Fuk Court Aid Fund for Post - Fire Recovery

Qiming Venture Partners Donates HK$3 Million to Tai Po Wang Fuk Court Aid Fund for Post - Fire Recovery"
2025-11-30,9988.HK,"The Silicon Iron Curtain : Inside the Underground Network Smuggling Nvidia Chips into China

일본 안 가 … 예약 50 % 급증  겨울에 뜨는  이 나라 - 국민일보"
2025-12-01,3690.HK,"China Market Update : Anti - Involution Comes To Battery Industry

FTSE 100 Live : London stocks retreat as Bitcoin tumbles

Bitcoin Falls Below $87k as Global Risk Appetite Wanes

U . S . futures slip and Asian stocks are mixed , while oil prices surge more than $1 a barrel

Robust governance and innovation are key to unlocking the full potential of low - altitude logistics -- Beijing Review

US futures slip and Asian stocks are mixed , while oil prices surge more than $1 a barrel

US futures slip and Asian stocks are mixed , while oil prices surge more than $1 a barrel

US futures slip and Asian stocks are mixed , while oil prices surge more than $1 a barrel – Winnipeg Free Press

US futures slip and Asian stocks are mixed , while oil prices surge more than $1 a barrel

US futures slip and Asian stocks are mixed , while oil prices surge more than $1 a barrel

US futures slip and Asian stocks are mixed , while oil prices surge more than $1 a barrel

US futures slip and Asian stocks are mixed , while oil prices surge more than $1 a barrel

US futures slip and Asian stocks are mixed , while oil prices surge more than $1 a barrel

US futures slip and Asian stocks are mixed , while oil prices surge more than $1 a barrel

US futures slip and Asian stocks are mixed , while oil prices surge more than $1 a barrel

US futures slip and Asian stocks are mixed , while oil prices surge more than $1 a barrel

US futures slip and Asian stocks are mixed , while oil prices surge more than $1 a barrel

US futures slip and Asian stocks are mixed , while oil prices surge more than $1 a barrel"
2025-12-01,9988.HK,"Concerns about AI bubble overblown as Chinese tech giants step up : analysts

Hong Kong stablecoin stocks slump after PBOC vows cryptocurrency crackdown

HK stablecoin stocks slump

Tech firms lead Hong Kong stock advance as rate cut this month is  locked in"
2025-12-02,0005.HK,"BoE eases capital requirements for united kingdom banks after latest stress test

[ HK ] 丰展控股 ( 01826 ): 截至二零二五年十一月三十日止股份发行人的证券变动月报表 - CFi . CN 中财网

港股1日涨0 . 67 % 收报26033 . 26点 - 焦作网WWW . JZRB . COM"
2025-12-02,3690.HK,China silver economy : A growing solution to boost consumption
2025-12-02,9988.HK,"Alibaba Group Holding Limited $BABA Position Raised by Taikang Asset Management Hong Kong Co Ltd

Alibaba Group Holding Limited $BABA is Taikang Asset Management Hong Kong Co Ltd 9th Largest Position

מגמה חיובית באירופה , חברת התרופות הגרמנית מזנקת ב - 13 %

Hong Kong stocks head for 2 - week high amid upbeat outlook for 2026

Hong Kong Shares Tipped To Open In The Red"
2025-12-03,0005.HK,"滙控委利伯特任集團主席 股價揚

恆指挫334點 萬科跌3 . 0 % 阿里巴巴跌2 . 2 % | 投資者 | 摩通

汇丰控股官宣 ！ 新任集团主席是他

小摩 ： 维持汇丰控股 ( 00005 ) 正面展望 香港商业地产风险或已见顶 _ 市场分析 _ 港股 _ 中金在线

汇丰控股委任利伯特为集团新主席 ， 此前已完成组织架构简化 _ 东方财富网

小摩 ： 维持汇丰控股 ( 00005 ) 正面展望 香港商业地产风险或已见顶 _ 股市直播 _ 市场 _ 中金在线

Dow Jones Top Company Headlines at 1 AM ET : Marvell Technology to Acquire Celestial AI in $3 . 25 Billion Deal | CrowdStrike ...

HSBC promotes Interim Chair Brendan Nelson to permanent chair

滙豐控股委任利伯特為集團主席 - 香港商報

HSBC appoints Brendan Nelson as new chairman to replace Mark Tucker"
2025-12-03,9988.HK,"The AI frenzy is driving a memory chip supply crisis - Marianas Variety News & Views

Global Memory Chip Shortage Triggers Scramble Across Tech Industry

AI frenzy is causing a worldwide supply chain crisis , prices soar

MSMEs earn $2 . 4M at HK trade show | The Manila Times

UAE to amend VAT rules from January 1

Bernstein Sees Upside for Alibaba ( BABA ) Amid E - Commerce and Cloud Growth

China using AI as  precision instrument  of repression • The Register

Global Supply Chain Crisis : AI Booms Amid Memory Chip Shortage , ETTelecom

The AI frenzy is driving a memory chip supply crisis

The AI frenzy is driving a new global supply chain crisis

The AI frenzy is driving a new global supply chain crisis

Higher Open Called For Hong Kong Stock Market"
2025-12-04,0005.HK,HSBC chair is one of the toughest jobs – Fancy it ?
2025-12-04,3690.HK,"Expats glimpse the future in Shenzhen

Expats glimpse the future in Shenzhen - 南海网"
2025-12-04,9988.HK,DT House Ltd . Prices IPO at $4 . 00 - $5 . 00 Per Share ( DTDT )
2025-12-05,0005.HK,"[ HK ] 永联丰控股 : 截至二零二五年十一月三十日止之股份发行人的证券变动月报表 - CFi . CN 中财网

港股4日涨0 . 68 % 收报25935 . 9点 - 焦作网WWW . JZRB . COM"
2025-12-05,3690.HK,Expats glimpse the future in Shenzhen - People Daily Online
2025-12-05,9988.HK,"China Baidu Is Said to Weigh Hong Kong IPO for AI Chip Unit Kunlunxin

MACAU DAILY TIMES 澳門每日時報Friday , December 5 , 2025 – edition no . 4853

Higher Open Tipped For Hong Kong Stock Market"
2025-12-07,0005.HK,"港股掀起  回购潮  科技与消费行业升温明显 _ 东方财富网

HSBC felicitates winners of  HSBC Export Excellence Awards 2025

Four exporters receive HSBC excellence awards

Y Combinator - Backed Model ML Raises Massive $75M To Kill Junior Banker Grunt Work Forever - Morgan Stanley ( NYSE : MS )"
2025-12-07,9988.HK,"Wall Street bets Chinese stocks will extend US$2 . 4 trillion rally

Wall Street bets Chinese stocks will extend $2 . 4 trillion rally"
2025-12-08,0005.HK,"恆指挫319點 泡泡瑪特下瀉8 . 5 % 萬科跌3 . 1 % | 恒指 | IP市場 | 萬科投資者

利润表逆袭vs资产负债表承压 ： 透视龙丰集团IPO的双面故事 _ 新股要闻 _ 新股 _ 中金在线

新股前瞻｜利润表逆袭vs资产负债表承压 ： 透视龙丰集团IPO的双面故事 _ 股市直播 _ 市场 _ 中金在线

立法會選舉｜方國珊剖白勝選 「 轉捩點 」： 以前比較激進 感性告知已逝父母 「 你個女得咗 」

港股掀起  回购潮  科技与消费行业升温明显|港股|港股上市|小米集团 _ 新浪科技 _ 新浪网"
2025-12-08,3690.HK,"Hong Kong stocks retreat as investors await China policy cues on tech , property"
2025-12-08,9988.HK,"המניה החדשה שמצטרפת הבוקר לבורסה

מגמה מעורבת באסיה ; עליות קלות בחוזים בוול סטריט"
2025-12-09,0005.HK,滙豐私銀看重環球股市 - 東方日報
2025-12-09,3690.HK,"Crypto Exchange HashKey Eyes US$2 . 47 Billion Market Cap in Hong Kong IPO

Crypto exchange HashKey seeks up to US$215 million from Hong Kong IPO"
2025-12-09,9988.HK,"Media Briefing : The Future of U . S . Chip Controls in the Global Tech Race

Fidelity China Special Situations Plc - Half - year Financial Report

Jardine Matheson bid to privatise Mandarin Oriental gets shareholder nod

Hong Kong stocks extend losses amid rate - cut caution and muted China policy outlook"
2025-12-10,0005.HK,"花旗看好高端消費收租股 薦太地

FTSE 100 outperforms European rivals as US interest rate decision looms

港股10日涨0 . 42 % 收报25540 . 78点 - 新华网

港股9日跌1 . 29 % 收报25434 . 23点 - 焦作网WWW . JZRB . COM"
2025-12-10,3690.HK,"Snapmaker Raises Millions as Chinese Big Tech Investors Pile Into 3D Printing

Hong Kong stocks extend losses as Wall Street caution weighs on sentiment"
2025-12-10,9988.HK,"Sandbox VR Opens New Venue in Ottawa , Canada , December 19

Ten Largest Investments | Company Announcement

fDi Intelligence – Your source for foreign direct investment information

JD . com buys into Hong Kong Central tower as Lai Sun offloads US$450 million stake

Fidelity China HY Report Highlights Strong Scalable Growth In Core Domestic Industries ( LON : FCSS )

JD . com buys into Hong Kong Central tower as Lai Sun offloads US$450 million stake

How China Inc is marching into Vietnam amid US tariffs​​​

How China is marching into Vietnam amid US tariffs​​​

Rate Cuts Stimulate Market Activity and Help Stabilize Hong Kong Home Prices , Greater Central Grade A Office Rents Show Upward Momentum

Rate Cuts Stimulate Market Activity and Help Stabilize Hong Kong Home Prices , Greater Central Grade A Office Rents Show Upward Momentum

JD . com buys into Hong Kong Central tower as Lai Sun offloads US$450 billion stake

How China Inc is marching into Vietnam amid US tariffs

JD . com to buy stake in Hong Kong CCB Tower for HK$3 . 5 billion

La Chine simpose au Vietnam face aux tarifs américains

How China Inc is marching into Vietnam amid US tariffs

Farmed  Diamonds : Lessons Learned for Totoaba Aquaculture and International Trade of Luxury Wildlife Products | Small Wars Journal by Arizona State University

Lower Open Called For Hong Kong Stock Market

Lower Open Called For Hong Kong Stock Market"
2025-12-11,0005.HK,"NVIDIA ( NVDA ) – Analyst Weekly Ratings Updates

Potentia Energy obtains $551 . 75m financing for Australian renewable energy portfolio

港股速报 | 高开低走 港股反弹告吹 中兴通讯H股跌超13 %

Press Release from Business Wire : Ant International

租一部手机 ， 竟然背上了高利贷 - 钛媒体官方网站

租一部手机 ， 竟然背上了高利贷"
2025-12-11,3690.HK,Carlsberg Asia and Meituan Elevate Strategic Partnership with First - Time Black Pearl Collaboration
2025-12-11,9988.HK,"Hong Kong stocks advance on China stimulus bets and Fed interest rate cut

Higher Open Called For Hong Kong Stock Market

AI 패권 경쟁 한창인데 ... 美 투자자들 , 中 AI에  통 큰  베팅

Higher Open Called For Hong Kong Stock Market

HSG Closes In on Deal to Buy Sneaker Maker Golden Goose"
2025-12-12,0005.HK,"Conagra Brands ( NYSE : CAG ) Given New $19 . 00 Price Target at Wells Fargo & Company

【 港股後市 】 恒指下周或於26000點整固

港股12日涨1 . 75 % 收报25976 . 79点 - 新华网"
2025-12-12,9988.HK,"The legal framework for fighting copycats , lookalikes and dupes : what can brand owners do to protect themselves ? | DLA Piper

Guarding My Git Forge Against AI Scrapers

Hongkong Land hives off MBFC Towers 1 and 2 , One Raffles Quay into new S$8 billion Singapore private fund

China generative AI tiger MiniMax pursues Hong Kong IPO to expand global reach

Hong Kong Shares May Reverse Thursday Losses

DT House Ltd . ( DTDT ) to Raise $9 million in IPO

DT House Ltd . Prices IPO at $4 . 00 - $5 . 00 Per Share ( DTDT )"
2025-12-13,0005.HK,恒指漲446點 北水轉淨走53億兩個月最多 - 20251213 - 經濟
2025-12-13,9988.HK,"인텔 準국유화ㆍUS스틸 황금주 … 트럼프 , 中 모방해 산업ㆍ금융 쥐락펴락

환상의 골드러시 ? 美 상장 꿈꾸는 SK하이닉스 , 왜 ADR을 꺼내나 [ Deep Spot ]"
2025-12-14,9988.HK,"EU  쉬인 · 알리바바 택배 단속 강화 ... 위험 제품 유입 이유

Asia rich drive $200 billion revival in complex equity notes

Editor Take : The Week That Was Dec 8 - 13"
2025-12-15,0005.HK,"恒指跌347點 萬科挫5 . 2 % 翰森製藥下瀉7 . 6 % | 美團

[ HK ] 裕丰昌控股 ( 08631 ): 更改将於2025年12月18日举行之股东特别大会地点 - CFi . CN 中财网

Hang Seng Bank shareholders to vote on HSBC buyout proposal on January 8

智通港股沽空统计|12月15日 _ 股市直播 _ 市场 _ 中金在线

廖偉強 ： 樓市進入加速期 升勢無間斷 - 20251215 - 經濟"
2025-12-15,9988.HK,"Stocks making the biggest moves premarket : IRBT , LVS , TLRY

Today Cache | Demand heats up for Nvidia H200 chips ; Intel faces scrutiny over China links ; Silicon Valley explores humanoid robots

Asian Technology and Chipmaking Stocks Slide as AI Spending Concerns Shake Markets

Hong Kong stocks slide after China economic data shows growth running out of steam

Lower Open Anticipated For Hong Kong Stock Market

Lower Open Anticipated For Hong Kong Stock Market"
2025-12-16,0005.HK,"恆指挫393點 阿里巴巴跌3 % 復星醫藥大跌近6 % | 港股 | 虛擬貨幣概念股 | 港交所

创历史纪录 ！ 南向资金净买额超1 . 39万亿港元 哪些港股最受宠 ？"
2025-12-16,9988.HK,"China Open - Source AI Leap Is Quietly Rewriting The Global Playbook

Lower Open Anticipated For Hong Kong Stock Market

Hong Kong stocks slump to 3 - month low as China growth jitters dampen sentiment

Lower Open Anticipated For Hong Kong Stock Market"
2025-12-17,0005.HK,"London close : Stocks rise amid rate cut expectations ; housebuilders rally

港股彈233 國壽飆4 % 藍籌最佳"
2025-12-17,9988.HK,"Chinese GPU firm MetaX surges nearly 700pc on debut

CNBC The China Connection newsletter : Why Sam Club is in a sweet spot as China faces consumption worries

Mild Upside Seen For Hong Kong Stock Market

MetaX shares rocket 700 % in debut as China AI chips push gathers speed

Developing | Health and beauty chain Mannings to withdraw from mainland China

China chipmaker MetaX soars 569 % after wildly oversubscribed IPO

Hong Kong stocks trade sideways as investors weigh rate - cut odds after mixed US job data

Mild Upside Seen For Hong Kong Stock Market"
2025-12-18,9988.HK,"China Bestsellers : Nobel Prize Boost , Aspirational Nonfiction , and Children Classics

DT House Ltd . Prices IPO at $4 . 00 - $5 . 00 Per Share ( DTDT )

Tech Shares May Weigh On Hong Kong Stock Market

Hong Kong stocks resume decline as tech giants stumble on AI bubble jitters

$1 billion in de minimis tariff revenue has been collected since loophole closed

$1 billion in de minimis tariff revenue has been collected since loophole closed"
2025-12-19,3690.HK,Carlsberg boosts presence in China with restaurant guide tie - up
2025-12-19,9988.HK,"Hong Kong stocks tread water as tech giants stumble on AI bubble jitters

Annual Financial Report | Company Announcement

Regular Press Conference of the Ministry of National Defense on November 27 , 2025

MACAU DAILY TIMES 澳門每日時報GEG brings Macau performing arts to life with a panorama of entertainment spectacles

US clamps down on investment in Chinese tech companies

Hong Kong stocks head for longest rising streak in 3 weeks on cooling US inflation data"
2025-12-20,0005.HK,銀行股走強 成市場焦點 滙控渣打齊破頂
2025-12-20,9988.HK,Hong Kong stocks cap longest rising streak in 3 weeks on cooling US inflation data
2025-12-21,0005.HK,HSBC opens biz dev office at Bepza EZ in Mirsharai
2025-12-21,9988.HK,"AI model developer MiniMax passes Hong Kong stock exchange listing hearing

Chinese tech stocks drive Hong Kong ETF revenue | Asia Asset Management"
2025-12-22,0005.HK,市场  防御  模式开启 ： 资金涌入防御性板块 ， 特斯拉逆势大涨 - InteractiveBrokers * 发表于 大千股坛 - 论坛
2025-12-22,3690.HK,China New Year tourism surges as domestic consumption heats up
2025-12-22,9988.HK,"Future - proofing Hong Kong : Standard Chartered Business Summit charts next chapter of growth

Tőzsdére megy a ChatGPT versenytársa

Chinese AI firm MiniMax to launch Hong Kong IPO in early January , sources say

Goldman forecasts continued growth for Chinese stocks in 2026 as risks fade

Hang Seng May Add To Its Winnings On Monday

Alibaba , Pop Mart lead Hong Kong stocks higher before Christmas trading break"
2025-12-23,0005.HK,[ HK ] 医思健康 ( 02138 ): 2025 / 26 半年度业绩报告 - CFi . CN 中财网
2025-12-23,3690.HK,"Hesai Partners With Meituan Keeta To Supply Lidar For Next - Gen Drones - Hesai Gr ( NASDAQ : HSAI )

Hesai to Supply Solid - State Lidars for Food Delivery Company Meituan Drone Delivery Brand , Keeta Drone

Hesai to Supply Solid - State Lidars for Food Delivery Company Meituan Drone Delivery Brand , Keeta Drone

Hesai secures mass - production LiDAR order from Meituan Drone as low - altitude logistics accelerates"
2025-12-23,9988.HK,"Global investors turn to Chinese AI as Wall Street fears bubble

Jack Ma - backed YF Capital takes stake in Shanghai memory chipmaker InnoStar

Hong Kong Stock Market Tipped To Open In The Green

Hong Kong Stock Market Tipped To Open In The Green

Swire Properties sells 2 Deep Water Bay homes for US$283 million in biggest deal in years"
2025-12-24,0005.HK,"港虛產發牌擬擴大範圍 - 東方日報

HSBC ( NYSE : HSBC ) Reaches New 1 - Year High – Should You Buy ?

恒指4連升後斷纜 國泰料業績佳炒高7 %"
2025-12-24,0700.HK,"恒指半日市升44點 成交縮至925億11個月低 - 20251225 - 經濟

[ HK ] 家乡互动 ( 03798 ): 须予披露交易 - 认购理财产品 - CFi . CN 中财网

港股市场2025年终盘点 ： IPO规模冠全球 多项指标创纪录 _ 东方财富网

共享基经丨同名ETF对比 （ 二十三 ）： 名称同是中概互联ETF和恒生红利ETF ， 背后跟踪的指数有何不同 ？

氪星晚报｜现代汽车美国公司因安全隐患召回逾5万辆汽车 ； 京东 ： 七鲜小厨在北京已开出30家门店 ； 日本最大核电站将于明年1月20日重启

进击的2025 ： 阿里京东们的  买楼造楼运动 _ 凤凰网

「 年度盘点 」 从  活水  到牛市主力 万亿南向资金如何重塑港股生态 ？

清华系硬核AI ， 智谱赴港冲刺  大模型第一股 - 钛媒体官方网站

MiniMax 港股 IPO 背后 ： 被低估与被错读的中国大模型

社会企业研究院举办  良心科技  2025 ESG领袖峰会 签署 《 内地与香港科技创新及产业促进交流工作备忘录 》_ 中华网

为何是2027年 ？ 美国想保留筹码 ， 但中国手里有王牌 _ 腾讯新闻

【 中国那些事儿 】 上合前秘书长 ： 海南全岛封关彰显中国构建全球互利共赢新秩序决心 _ 腾讯新闻

月之暗面Kimi ： 昔日明星独角兽已陷战略困局 _ 财富号 _ 东方财富网

榜单公布｜2025 EDGE AWARDS年度AI创新榜正式揭晓 - 钛媒体官方网站

榜单公布｜2025 EDGE AWARDS年度AI创新榜正式揭晓

每月烧掉20亿 ， 吞金兽  MiniMax亟需上市补血 _ 财富号 _ 东方财富网

Global investors turn to Chinese AI stocks amid Wall Street valuation concerns

鸿蒙星光盛典 ： 一场开发者的奔赴 ， 一个时代的答案

港股半日悶市微升44 . 7點 - 香港商報

港股23日跌0 . 11 % 收报25774 . 14点 - 焦作网WWW . JZRB . COM

港股走勢丨恒指平安夜半日收升44點 北水走資逾11億

【 通悉大市 】 小米舉行新產品發布會 股價40元水平上落

深夜惊现情色直播 ， 快手还有哪些困境 ？"
2025-12-24,9988.HK,"글로벌 투자자들  거품  우려에 미국 AI 대신 중국 AI 담는다

Hong Kong stocks rise as Wall Street rally boosts confidence in earnings growth"
2025-12-25,0700.HK,"电竞+文旅 ， 因一款游戏而奔赴一座城  成为潮流

（ 年终特稿 ） 内外利好因素共振 香港经济稳健向前 _ 腾讯新闻

H200春节前重返中国 ， 黄仁勋有多少胜算 ？

nmn什么时候吃效果好 ？ NMN品牌哪家nmn牌子高纯度活性好

电竞粤先锋书写数字技术与文化产业深度融合新篇章

十字路口上的传统发电企业 ： 新能源  增量不增利 ， 碳成本增加成未来挑战 _ 凤凰网

AI大模型分野 ： 从技术狂热到商业价值回归｜2025中国经济年报

财报预冷 、 裁员节流 、 押注AI ， 百度这次真的急了 ？

2025年 ， 这些文化大家离我们远去 _ 腾讯新闻

古惑仔  坐庄 ， 冷血  割韭菜 ， 港股药企IPO的隐秘之战

港股24日涨0 . 17 % 收报25818 . 93点 - 焦作网WWW . JZRB . COM

进击的2025 ： 阿里京东们的  买楼造楼运动 - 钛媒体官方网站

总台首部原创精品短剧集 《 奇迹 》 大屏首播 ！ 媒体点赞 ： 以平凡故事书写时代精神 _ 南方网

总台首部原创精品短剧集 《 奇迹 》 大屏首播 ！ 媒体点赞 ： 以平凡故事书写时代精神

2025年人工智能产业总结 - 虎嗅网

轻松健康成功IPO ： 一场AI的上市教学课 - 钛媒体官方网站

港股市场2025年终盘点 ： IPO规模冠全球 多项指标创纪录 - 股票频道 - 和讯网

国产GPU四小龙扎堆上市 ， 抢占  中国版英伟达 - DoNews专栏

總台首部原創精品短劇集 《 奇蹟 》 大屏首播 ！ 媒體點讚 ： 以平凡故事書寫時代精神

解锁吃喝玩乐  小确幸  中行信用卡激活消费市场 添彩美好生活

俞敏洪确定东方甄选接班人 ； 英伟达春节前向华交付H200丨邦早报

港股市场2025年终盘点 ： IPO规模冠全球 多项指标创纪录

从  产业领跑  到  世界一流  广东电竞还要走多远 ？

【 早报 】 北京发布楼市新政 ； 标普500指数 、 道指收盘均创新高 _ 东方财富网"
2025-12-25,9988.HK,"Nets , Liberty ties with Alibaba grow in China and beyond"
2025-12-26,0005.HK,"FinancialContent - Global Banking Titan HSBC Hits 52 - Week High Amid Financial Sector Resurgence

江丰电子控股子公司晶丰芯驰引入 5740 万元附转股权债权投资 加速半导体业务发展"
2025-12-26,0700.HK,"Across Borders , Against All Odds : Team Infinix Triumphs as  Chicken Dinner Victory Squad  at PMGC 2025

美元勢續弱 配置宜多元

国产GPU ， 围剿  英伟达 _ 凤凰网

未来智造局 | 国产AI芯片加速追赶 为算力经济注入  中国芯

云厂情报大览 ： 双十一 ， 阿里云AI 算力销售激励加码 ； 京东云今年猛招上百人销售 ； 腾讯云年底又要豪气送车 ？

经济第一省 ， 打响新争夺战

Global funds hunt China next AI winner amid Wall Street jitters

Global funds hunt China next AI winner amid Wall Street jitters

Global funds hunt China next AI winner amid Wall Street jitters

Global funds hunt China next AI winner amid Wall Street jitters

Global funds hunt China next AI winner amid Wall Street jitters

China AI draws global capital as US valuations fuel bubble worries

Global funds hunt China next AI winner amid Wall Street jitters

Global funds hunt China next AI winner amid Wall Street jitters

Global funds hunt China next AI winner amid Wall Street jitters

China AI draws global capital as US valuations fuel bubble worries

Global funds hunt China next AI winner amid Wall Street jitters

Global funds hunt China next AI winner amid Wall Street jitters

Global funds hunt China next AI winner amid Wall Street jitters

Global funds hunt China next AI winner amid Wall Street jitters

Global funds hunt China next AI winner amid Wall Street jitters

Across Borders , Against All Odds : Team Infinix Triumphs as  Chicken Dinner Victory Squad  at PMGC 2025

Global funds hunt China next AI winner amid Wall Street jitters

Global funds hunt China next AI winner amid Wall Street jitters

Global funds hunt China next AI winner amid Wall Street jitters

Global funds hunt China next AI winner amid Wall Street jitters

中方对20家美国军工相关企业及10名高管人员采取反制措施 _ 腾讯新闻

Global funds hunt China next AI winner amid Wall Street jitters

China AI draws global capital as US valuations fuel bubble worries

Global funds hunt China next AI winner amid Wall Street jitters

Global funds hunt China next AI winner amid Wall Street jitters

Global funds hunt China next AI winner amid Wall Street jitters

Global funds hunt China next AI winner amid Wall Street jitters

香港浸会大学团队让AI实时看懂直播视频

Global funds hunt China next AI winner amid Wall Street jitters

Global funds hunt China next AI winner amid Wall Street jitters

China AI draws global capital as US valuations fuel bubble worries

Global funds hunt China next AI winner amid Wall Street jitters

Global funds hunt China next AI winner amid Wall Street jitters

Global funds hunt China next AI winner amid Wall Street jitters

Global funds hunt China next AI winner amid Wall Street jitters

China AI draws global capital as US valuations fuel bubble worries

Global funds hunt China next AI winner amid Wall Street jitters

港大让AI学会动态空间推理 ： 理解物体在三维空间中的运动变化

Global funds hunt China next AI winner amid Wall Street jitters

Global funds hunt China next AI winner amid Wall Street jitters

China AI draws global capital as US valuations fuel bubble worries

讲座预告｜AI驱动下 ， 如何打造以人为本的建筑和城市

Global funds hunt China next AI winner amid Wall Street jitters

Global funds hunt China next AI winner amid Wall Street jitters

Global funds hunt China next AI winner amid Wall Street jitters

Global funds hunt China next AI winner amid Wall Street jitters

Global funds hunt China next AI winner amid Wall Street jitters

Global funds hunt China next AI winner amid Wall Street jitters

Global funds hunt China next AI winner amid Wall Street jitters

Global funds hunt China next AI winner amid Wall Street jitters

1 . 35亿元 ！ 广州大剧院2025年演出票房创十五年来新高

半导体企业掀上市潮 ： 后备军  持续扩容 ， 多家公司冲刺  A+H _ 市场动态 _ 资本市场 _ 财经网

Global funds hunt China next AI winner amid Wall Street jitters

Global funds hunt China next AI winner amid Wall Street jitters

Global funds hunt China next AI winner amid Wall Street jitters

Global funds hunt China next AI winner amid Wall Street jitters

对话陈黎明 （ 上 ）： 做1号位和2号位区别很大 ｜ 汽车海归志

Global funds hunt China next AI winner amid Wall Street jitters

Investors pivot to Chinese AI as US tech bubble fears rise

在赣南 ， 脐橙不只是一枚水果 - 江西新闻网

Global funds hunt China next AI winner amid Wall Street jitters

Global funds hunt China next AI winner amid Wall Street jitters

Global funds hunt China next AI winner amid Wall Street jitters

在赣南 ， 脐橙不只是一枚水果

年终盘点|算力国产化托底 ， 资本市场GPU新股狂飙突进

从造车到造未来 ： 汽车产业迎接智融时代 _ 汽车 _ 中国网

利好突袭 ， 这一板块集体爆发 ， 比亚迪大涨超6 %

利好突袭 ， 这一板块集体爆发 ！ 比亚迪 ， 大涨超6 %！

年终盘点|算力国产化托底 ， 资本市场GPU新股狂飙突进

电竞+文旅 ， 因一款游戏而奔赴一座城  成为潮流

准2万亿城市 ， 终于  破零  了 _ 腾讯新闻"
2025-12-27,0700.HK,"美股回軟 港股ADR升逾200點 - 20251228 - 經濟

今年的ESG越来越冷了吗 ？

百万英才汇南粤  秋招会在深圳启幕 ， 广州  引才团  携超1 . 4万优质岗位赴约 _ 广州日报大洋网

今年的ESG越来越冷了吗 ？- 虎嗅网

领航中国 · 2025丨坚定不移办好自己的事 _ 腾讯新闻

把求职者宠上天 ， 百万英才汇南粤  深圳站提供  管家  服务

「 百萬英才匯南粵 」 招聘會深圳啟幕 近半崗位年薪超20萬元 - 灣區人才

最新十大热门炒股工具推荐 ： AI 涨乐选股盯盘交易一站式搞定

链主牵头 ， 精准  配对 ！ 广东这场招聘会让机遇与人才  双向奔赴 _ 南方网

传媒行业 ： SOULGATE招股书梳理 ： 持续实现经调整口径盈利 打造AI+社交新引擎 __ 新浪财经 _ 新浪网

「 粵 」 聚百萬英才 廣東年末最大招聘會提供超6 . 5萬優質崗位 - 灣區人才

超1600家用人单位 ， 投放逾6 . 5万个岗位 ！ 百万英才汇南粤  大型综合招聘会今日在深圳举办 _ 广州日报大洋网

广东年末引才  压轴大戏 ！ 超1600家重点企业释放6 . 5万+优质岗位

超1600家用人单位 ， 投放逾6 . 5万个岗位 ！ 百万英才汇南粤  大型综合招聘会今日在深圳举办

迪生数字亮相全球图形学顶会SIGGRAPH Asia ， 以三大定制化动捕方案彰显核心实力"
2025-12-27,3690.HK,"Saudi man courage in flood rescue sparks lasting friendship with China

Saudi man courage in flood rescue sparks lasting friendship with China

Saudi man courage in flood rescue sparks lasting friendship with China

Saudi man courage in flood rescue sparks lasting friendship with China

China revises law to regulate drones , tighten safety rules

Saudi man courage in flood rescue sparks lasting friendship with China

Saudi man courage in flood rescue sparks lasting friendship with China

Across China : Saudi man courage in flood rescue sparks lasting friendship with China - Xinhua"
2025-12-27,9988.HK,"China Zhipu AI ramps up push towards human - level AI , reiterates open source pledge

Global Times 2025 Yearender : China shares opportunities , growth dividends as an empowering country

Yearender : Asia - Pacific rides AI boom to unlock tech - empowered growth , cooperation momentum in 2025

Yearender : Asia - Pacific rides AI boom to unlock tech - empowered growth , cooperation momentum in 2025

Yearender : Asia - Pacific rides AI boom to unlock tech - empowered growth , cooperation momentum in 2025

Yearender : Asia - Pacific rides AI boom to unlock tech - empowered growth , cooperation momentum in 2025

Yearender : Asia - Pacific rides AI boom to unlock tech - empowered growth , cooperation momentum in 2025 - Xinhua

Yearender : Asia - Pacific rides AI boom to unlock tech - empowered growth , cooperation momentum in 2025 - Xinhua

Global Times 2025 Yearender : China shares opportunities , growth dividends as an empowering country

Global Times 2025 Yearender : China shares opportunities , growth dividends as an empowering country"
2025-12-28,0005.HK,"Primary dealers for govt securities in 2026 named by BTr - Malaya Business Insight

EZCORP , Inc . ( NASDAQ : EZPW ) Receives $20 . 50 Average PT from Brokerages"
2025-12-28,0700.HK,"2025文化出圈名场面 ， 哪个瞬间重构了你的认知 ？

2025文化出圈名场面 ， 哪个瞬间重构了你的认知 ？

央视重磅推出 ！ 残特奥会纪录片 《 怒放 》： 致敬不屈的生命之光 _ 南方网

致敬不屈的生命之光 ！ 残特奥会纪录片 《 怒放 》， 12月29日 、 12月30日重磅上线

香江观澜 ： 河套合作区协同发展格局形成 港深迈向全球创科枢纽新征程 _ 腾讯新闻

AI frenzy impacting chip , smartphone , PC prices

世界名校生 ， 過不了面試 ？

一线见闻丨一条通道串联三大都市圈 大湾区融合发展进入  快车道 _ 腾讯新闻

（ 年终特稿 ） 2025 ， 澳门的  小城新事 _ 腾讯新闻

比亚迪 、 腾讯等  链主  们 ， 把整条产业链带到了招聘会 _ 东方财富网

比亚迪 、 腾讯等  链主  们 ， 把整条产业链带到了招聘会 _ 南方网

链主  带队 、 远程面试 ！ 百万英才汇南粤  收官再现强引力

大爱融湾区 逐梦启新程 深圳借势残特奥会推动残疾人事业高质量发展 - 新华网

廣東頂流招聘盛會在深圳舉行 6 . 5萬職位引爆求職熱

世界名校生 ， 过不了面试 ？

奋进的回响｜跑出  中国加速度 _ 腾讯新闻

世界名校生 ， 过不了面试 ？"
2025-12-28,9988.HK,"DT House Ltd . ( DTDT ) to Raise $9 million in IPO

Asia - Pacific rides AI boom to unlock tech - empowered growth , cooperation momentum in 2025

Asia - Pacific rides AI boom to unlock tech - empowered growth , cooperation momentum in 2025

Asia - Pacific rides AI boom to unlock tech - empowered growth , cooperation momentum in 2025

Asia - Pacific rides AI boom to unlock tech - empowered growth , cooperation momentum in 2025

Asia - Pacific rides AI boom to unlock tech - empowered growth , cooperation momentum in 2025

Asia - Pacific rides AI boom to unlock tech - empowered growth , cooperation momentum in 2025

Asia - Pacific rides AI boom to unlock tech - empowered growth , cooperation momentum in 2025

Asia - Pacific rides AI boom to unlock tech - empowered growth , cooperation momentum in 2025

Asia - Pacific rides AI boom to unlock tech - empowered growth , cooperation momentum in 2025

Asia - Pacific rides AI boom to unlock tech - empowered growth , cooperation momentum in 2025

Asia - Pacific rides AI boom to unlock tech - empowered growth , cooperation momentum in 2025"
2025-12-29,0005.HK,"Total Voting Rights | Company Announcement

Keefe Bruyette Turns More Positive on HSBC , Citing Hong Kong Strength"
2025-12-29,0700.HK,"2025年国际十大财经新闻

港股夜期+ADR+北水｜夜期收市跌32點 百度美股高港3 %（ 不斷更新 ）

引凤来栖 ， 助凤高飞

AI应用2026前瞻 ： 豆包千问元宝加速  跑马圈地  AI原生硬件聚焦  真需求  商业化提速|张亮|超级

揭密MiniMax不为人知的B面

雷军低调期 ， 兄弟林斌在小米套现140亿

GPU四小龙忙上市 ： 中国英伟达  的较量 ， 才刚刚开始|摩尔|gpu|amd|英特尔

GPU四小龙忙上市 ： 中国英伟达  的较量 ， 才刚刚开始 - 钛媒体官方网站

上一次港股IPO 「 大年 」， 股价是如何腰斩的 ？

排  第二  的智谱AI ， 含金量多高 ？ |招股书|大模型|科大讯飞|智谱ai

港股收评 ： 指数集体下跌 ！ 博彩股 、 贵金属股低迷 ， 汽车股逆势走强 _ 市场分析 _ 港股 _ 中金在线

超级干货 ！ 万字总结  魔力增长  第九届营销价值峰会精华内容 _ 中华网

稳就业 ， 还得看南粤 ！

DeepSeek一夜爆火 、 Labubu引爆全球抢购潮 、 史诗级  外卖大战 …… 2025年中国十大商业事件全盘点|淘宝|大电商平台

3D打印从几十万跌至几百 ！ 深圳掌控全球95 % 份额 ， 普通人夜市掘金

腾讯 AI Lab 副主任离职 ， 混元团队迎来新老交替 ， 腾讯 AI 发展路在何方 ？

港交所大厅 ， 明天 ( 12月30日 ) 将六锣齐鸣 ， 6家新股同一天香港上市

机器人  论剑  +链主  组团  这场招聘会解锁广东引才聚才  新密码

世界名校生 ， 过不了面试 ？

每12名高校毕业生中就有1人选择广东 ， 经济第一大省的底气何在 ？ - 新闻频道

一条主线 ， 一种转向 ： 读懂  百万英才汇南粤  全年答卷

100 - 150亿搞研发 ！ 广州最大药企 ， 要干一票大的

电竞磁场  粤  聚  粤  旺 ， 燃动大湾区新活力

【 港商觀察 】 河套香港園區 「 研學賽產 」 融合 助推灣區創科

港股GPU第一股  上市在即 ！ 港股芯片產業鏈躁動 ， 港股信息技術ETF （ 159131 ） 漲1 . 21 % 衝擊連陽

解析 》 逼近台島實彈射擊 ！ 共軍專家 ：「 正義使命 - 2025 」 首度貼近台灣領海 ，「 生死線 」 鎖鏈更緊 | 林庭瑤 | 新聞

解析 》 逼近台島實彈射擊 ！ 共軍專家 ：「 正義使命 - 2025 」 首度貼近台灣領海 ，「 生死線 」 鎖鏈更緊 | 林庭瑤 | 新聞

经上海市委研究决定 ， 对150人追责问责 ， 其中局级干部8人 _ 腾讯新闻

【 郭Sir分析 】 大市正候機上破100天及50天線

持续烧钱的大模型 ， 阻挡不了AI行业的热情

华为非凡大师品牌主题曲 《 非凡 》 正式上线 刘德华演唱

Hong Kong stocks rise to 2 - week high as Beijing pledges to boost fiscal expenditure

2026迎接AI主线回归 ， 机构 ： 港股双击机会布局 ！ 百亿港股互联网ETF （ 513770 ） 涨逾1 %， 再现宽幅溢价

持续烧钱的大模型 ， 阻挡不了AI行业的热情

​这届年轻人不看小红书 ， 已经不会旅游了 ？- 虎嗅网

每12名高校毕业生中就有1人选择广东 ， 经济第一大省的底气何在 ？_ 南方网

【 粤政一周 】 广东多地迎来新主官 _ 南方网

为全球发展注入稀缺的确定性 _ 腾讯新闻

这条物流新通道 ， 助外贸降本增效 （ 迈向  十五五  的发展图景 ）_ 腾讯新闻

港股市況｜恒指黑期升11點至近25900點 小米ADR較港高近2 %

港股市況｜恒指黑期升11點至近25900點 小米ADR較港高近2 %

残特奥会纪录片 《 怒放 》 今起在多平台同步播出"
2025-12-29,9988.HK,"When Weaponized Journalism Threatens Our Nation

Renewed Selling Pressure Likely For Hong Kong Shares

Sam Club is beating Costco at its own game in China

Renewed Selling Pressure Likely For Hong Kong Shares"
2025-12-30,0005.HK,Farther Finance Advisors LLC Boosts Stake in HSBC Holdings plc $HSBC
2025-12-30,0700.HK,"393亿  扫地茅 ， 又要IPO了|雷军|小米|ipo|知名企业|扫地机器人

氪星晚报｜L4级智能体母体系统MasterAgent全面开放 ； 京东与华为达成战略合作 ； 百度智能云推全栈AI方案

2025年度微信朋友圈谣言热榜 ： 封号新规 、 老头乐C7驾照等 _ 网易订阅

英矽智能股價暴漲42 . 2 %! AI制藥首股刷新港股紀錄 | 國際

Insilico Medicine Lists on Hong Kong Stock Exchange , Showing AI Drug Discovery Momentum with 2025 Largest Hong Kong Biotech IPO

港股收评 ： 三大指数齐涨 ！ 半导体 、 机器人概念股强势 ， 风电股低迷 _ 市场分析 _ 港股 _ 中金在线

揭密MiniMax不为人知的B面

英矽智能港股募22 . 8亿港元首日涨24 . 7 % 近三年半均亏 _ 证券要闻 _ 财经 _ 中金在线

揭密MiniMax不为人知的B面 - 钛媒体官方网站

宠物看病贵过人 ， 宠物医疗第一股  却不赚钱 - 钛媒体官方网站

Insilico Medicine Lists on Hong Kong Stock Exchange , Showing AI Drug Discovery Momentum with 2025 Largest Hong Kong Biotech IPO

我们的2025丨中国式现代化迈出新的坚实步伐 _ 腾讯新闻

王毅最新发声 _ 腾讯新闻

迅策科技挂牌港交所 ！ 港股大模型Data Agent第一股诞生

直线拉升 ， 20 % 涨停 ！ 一则消息 ， 突然引爆 ！_ 财富号 _ 东方财富网

直线拉升 酷特智能20 % 涨停 ！ 一则消息突然引爆 ！ _ 东方财富网

直线拉升 ， 20 % 涨停 ！ 一则消息 ， 突然引爆 ！

AI制药第一股上市首日飙涨48 %， 获腾讯 、 瑞银等押注

揭密MiniMax不为人知的B面 - DoNews专栏

在深圳龙岗机器人技能大赛看产业  上岗  之路 - 新华网

Meta买下Manus ， 买的是AI变现模板

Meta数十亿美元收购Manus ： 独立运营 拓展AI应用新版图

无弦吉他中场战事 | 雷峰网

这家香港上市公司拟南山买楼 ！ 约7 . 1亿 ， 建面约2 . 5万平 凤凰网房产深圳

破译激活农村集体经济的人才密码

扎克伯格数十亿美元收购90后肖弘创立的智能体Manus

早报｜Meta收购Manus ， 肖弘出任Meta副总裁 / 微信回应安装包11年膨胀500倍 ： 不会无限增长 / 宇树首家线下店即将开业

大行评级｜花旗 ： 重申腾讯 、 网易及世纪华通为游戏板块首选股 均予  买入  评级 _ 市场分析 _ 港股 _ 中金在线

Chinese stocks on track for best year since 2017 as rally widens

年末最火爆一幕 ： 一天9个IPO

Chinese Stocks Poised for Strongest Year Since 2017 as Rally Broadens Beyond Tech

早报｜Meta收购Manus ， 肖弘出任Meta副总裁 / 微信回应安装包11年膨胀500倍 ： 不会无限增长 / 宇树首家线下店即将开业

國際看門道 ： 跟川普打了一整年貿易戰 ， 中國股市為何還能締造 「 近八年最佳表現 」 | 李忠謙 | 新聞

China Proposes World Strictest AI Chatbot Rules to Prevent Manipulation

港股公告精选｜中芯国际拟约406 . 01亿元收购中芯北方49 % 股权 ； 优必选董事会主席承诺一年不减持 _ 东方财富网

港股29日跌0 . 71 % 收报25635 . 23点 - 焦作网WWW . JZRB . COM

体验革新引领行业时空壶W4Pro重塑全场景跨语言沟通范式 _ 中华网

Meta数十亿美元收购Manus ； 微信回应安装包膨胀几百倍

新股招股｜精锋医疗 - B今起招股 ， 一手入场费4367 . 61港元 _ 东方财富网

腾讯持股 ， 大模型Data Agent第一股上市了 ！ 市值140亿

专访李开复 ： 我们2019年就投英矽智能 收获生物医药领域第一家IPO

「 深圳特区报 」 云豹智能创始人萧启阳 ： 打造  最高性价比  的国产DPU芯片｜创新创业深圳人

黄仁勋点赞的AI制药公司 ， 英矽智能今日港股IPO

揭密MiniMax不为人知的B面

雷军低调期 ， 兄弟林斌在小米套现140亿

重磅消息 ！ 深圳  十五五  规划建议出炉 ， 推动生物制造等成为新经济增长点 【 附深圳生物医药产业分析 】_ 产经 _ 前瞻经济学人

云豹智能创始人萧启阳接受本报记者专访 ： 算力时代 ， DPU是  天生主角

早报｜Meta收购Manus ， 肖弘出任Meta副总裁 / 微信回应安装包11年膨胀500倍 ： 不会无限增长 / 宇树首家线下店即将开业

Meta数十亿美元收购Manus ； 比亚迪辟谣将推出飞行汽车丨邦早报

晚点独家丨Meta 数十亿美元收购 Manus ， 肖弘将出任 Meta 副总裁

东部战区视频惊现101大楼 ， 台退役将领 ： 拍到就能打到 _ 腾讯新闻

Meta豪掷数十亿美元收购中国AI公司Manus _ 凤凰网"
2025-12-30,9988.HK,"Meta to buy Chinese startup Manus in deal worth  $2 - $3 billion  to boost advanced AI

Hong Kong Shares May Open Under Pressure On Monday

Hong Kong stocks rise slightly on last full trading day of year

Hong Kong Shares May Open Under Pressure On Monday

Hong Kong Shares May Open Under Pressure On Monday"
